ENTE;STRUTTURA;INDIRIZZO;"LATITUDINE
LONGITUDINE";SITO;TELEFONO;EMAIL;AREA RIFERIMENTO;SERVIZIO;DESCRIZIONE
Agape Societa' Cooperativa Sociale A R.L.;Casa Alloggio Eidos - Salute Mentale;Via 6 Settembre 1860, 18 84128 Salerno;40.664680, 14.793224;www.agapeonline.it;089 2963890;cooperativa.agape2013@gmail.com;Area Integrazione Socio-Sanitaria;Casa alloggio a bassa attività assistenziale;Servizio residenziale che accoglie ospiti con patologie psichiatriche in condizioni tali da considerare necessario l’inserimento in un contesto ambientale favorente il cambiamento terapeutico.
Agape Societa' Cooperativa Sociale A R.L.;Gruppo Appartamento Estia;Via Roma, 82, 84092, Bellizzi (SA);40.618925, 14.952809;www.agapeonline.it;0828 213263;cooperativa.agape2013@gmail.com;Area Disabilità;Accoglienza Residenziale per soggetti con disabilità;Offre ospitalità, assistenza e un nucleo di convivenza di tipo familiare, a carattere temporaneo o permanente. Cerca di favorire l’autogestione degli ospiti nei riguardi della loro vita domestica e sociale.
Agorà;Elisir;Via Libertini, 104 - 80023 Caivano (NA);40.953319, 14.297042;www.serviziaiminori.it;0818345105;elisir.coopagora@libero.it;Area Immigrazione;Accoglienza residenziale MSNA;Servizi residenziale rivolto a minori che vivono situazioni di disagio personale e/o familiare tali da mettere a rischio la loro crescita intesa come benessere fisico e psicologico, per i quali servono soluzioni sostitutive o integrative della famiglia di origine.
Agorà;Sig. Nilsson;Via Cesarano, 27 - 84022 Campagna (SA);40.666590, 15.106017;www.agoraonlus.it;3471340989;info@agoraonlus.it;Area Minori;Accoglienza residenziale minori;Servizi residenziale rivolto a minori che vivono situazioni di disagio personale e/o familiare tali da mettere a rischio la loro crescita intesa come benessere fisico e psicologico, per i quali servono soluzioni sostitutive o integrative della famiglia di origine.
Agorà;La Casa Di Pippi;Via Mar Tirreno, 15 - 84098 Pontecagnano Faiano (SA);40.634669, 14.869428;;3471340989;cooperativaagora@hotmail.it;Area Minori;Accoglienza residenziale minori;Servizi residenziale rivolto a minori che vivono situazioni di disagio personale e/o familiare tali da mettere a rischio la loro crescita intesa come benessere fisico e psicologico, per i quali servono soluzioni sostitutive o integrative della famiglia di origine.
Alice;Angels;Via Giannone, Snc - 81030 Villa Di Briano (CE);41.002030, 14.165489;www.alicecoop.it; 0574433102; alice@alicecoop.it;Area Immigrazione;Accoglienza residenziale MSNA; 
Aloe Srl;Belvedere;Via San Giovanni traversa Cupa Ciprillo 1/A - San Cirpiano Picentino (SA);40.720189, 14.872554;www.belvederetutelare.it;331 2332600;marivoto@alice.it;Area Integrazione Socio-Sanitaria;Comunità tutelare;Struttura di assistenza residenziale per anziani e disabili.
Amistad;Don Giovanni Pirone - Casa Amoris;Via Duca D’Aosta, 9 - Coperachia Di Pellezzano (SA);40.719002, 14.765814;www.caritassalerno.it;089 566851;donpironeamoris@gmail.com;Area Contrasto Alla Povertà;Accoglienza donne maltrattate e Donne con bambini; 
Arci Salerno APS;Sede Legale;Via Portacatena, 62 - Salerno (SA);40.680177, 14.753985;www.arci.it;0892750965;arcisalerno@tiscali.it;Area Immigrazione;Sportello Tam Tam;Sportello di orientamento e sostegno per immigrati.
Arci Salerno APS;Sede Legale;Via Portacatena, 62 - Salerno (SA);40.680177, 14.753985;www.arci.it;0982750965;arcisalerno@tiscali.it;Area Immigrazione;Fuori Tratta;Consultorio giovanile che offre servizio pubblico e gratuito di ascolto, informazioner e orientamento al lavoro e alla formazione.
Associazione Culturale La Mennola;Teatro La Mennola;Via Salvatore Calenda - 84126 Salerno SA;40.687984, 14.770530;www.teatrolamennola.it;089252609;info@teatrolamennola.it;Area Persone Anziane;Servizio integrazione anziani;
Associazione La Ribalta APS - Teatro La Ribalta;Teatro La Ribalta;Via Salvatore Calenda, 98 - Salerno (SA);40.688563, 14.771330;www.teatrolaribaltasalerno.it;0899958245;laribalta@hotmail.it;Area Persone Anziane;Servizio integrazione anziani;
Associazione Laboratorio “Teatro Arbostella”;Teatro Arbostella;Viale Verdi, 2 - Salerno (SA);40.652622, 14.812225;www.teatroarbostella.it;34721869810;teatroarbostella@gmail.com;Area Persone Anziane;Servizio integrazione anziani;
Associazione Quartiere Ogliara;Centro Diurno Ogliara;Via Ogliara, 4 Salerno;40.706648, 14.799886;associazionequartiereogliara.ga;089282163; associazioneculturaledivolontariatoogliara@hotmail.it;Area Minori;"Accoglienza semi residenziale minori
Centro diurno polifunzionale minori";Lo scopo principale dell’associazione è di promuovere socialità e partecipazione, realizzando attività sociali,culturali,sportive,turistiche e ricreative,nonchè servizi ed attività socialmente utili,contribuendo in particolare alla crescita culturale e civile dei propri soci e degli utenti inviati dai servizi pubblici.
Associazione U.I.L.D.M.;Villaggio Guido Scocozza;Via Pio XI, 84125, Salerno (SA);40.682824, 14.765733;www.retesolidale.it;089 2582245;uildm@retesolidale.it;Area Integrazione Socio-Sanitaria;Residenzialità disabili;Struttura residenziale extra-ospedaliera che eroga assistenza sanitaria,tutelare e alberghiera per disabili.
Auxilium;Comunità tutelare per anziani;Via Gelbison, 1 - Novi Velia (SA);40.217519, 15.335378;www.centropolifunzionalegelbison.it;09741931000;vincenzonuvoli@tiscali.it;Area Integrazione Socio-Sanitaria;Comunità tutelare; 
Auxilium;Giovanni Paolo II;Località Santoianni - Fellitto (SA);40.374656, 15.241786;www.casadiriposodigiovannipaoloii.it;0874745631;info@casadiriposopetrellatifernina.it;Area Integrazione Socio-Sanitaria;Comunità tutelare; 
Betlem;Comunità Alloggio San Gaspare Bertoni;Via G. Clarizia, 9 - Battipaglia (SA);40.610466, 14.975066;www.betlemcooperativa.it;0828343650; infoalloggiobertoni@virgilio.it;Area Minori;Accoglienza residenziale minori;Centro accoglienza minori collocati tramite decreto del tribunale dei minori e garanzia delle migliori cure nelle attività quotidiane (dal sostegno scolastico,al vitto,alle cure mediche4,alle attività ricreative)anche un qualificato sostegno psicologico.
Capovolti Società Cooperativa Sociale;Capovolti- Centro Sociale Polifunzionale;Via Vittorio Emanuele II, 35 - 84090 Montecorvino Pugliano (SA);40.672829, 14.948603;www.capovolti.org;089 801176;info@capovolti.org;Area Disabilità;Centro Diurno Polifunzionale per persone con disabilità;Servizio a ciclo semi-residenziale diurno di protezione sociale con funzione di accoglienza,ospitalità,orientamento e socializzazione dedicato ad adulti con disabilità motorie.
Capovolti Società Cooperativa Sociale;Riesco- Gruppo Appartamento;Via Toscana, 8 - 84098 Pontecagnano Faiano (SA);40.641602, 14.873165;www.capovolti.org;089 6800198;info@capovolti.org;Area Disabilità;Gruppo Appartamento per persone adulte affette da disagio psichico stabilizzato;Rivolto a persone con fragilità mentale che escono da percorsi di riabilitazione e si affacciano a ritrovare il proprio spazio nella comunità.
Capovolti Società Cooperativa Sociale;Casa Nadia - Casa Alloggio;Via Vittorio Emanuele II, 35 - 84090 Montecorvino Pugliano (SA);40.672829, 14.948603;www.capovolti.org;089 801176;info@capovolti.org;Area Integrazione Socio-Sanitaria;Casa alloggio a bassa attività assistenziale;Servizio residenziale per persone adulte, con disagio psichico e con un grado di autonomia medio, ed abilità psicosociali per le quali non è necessaria assistenza sanitaria continuativa.
Casa di Cura Angrisani Srl;Villa Dei Fiori;Poggio San Pantleone - 84014 Nocera Inferiore (SA);40.736991, 14.626743;www.villadeifiori.it;081 5157711;info@villadeifiori.it;Area Integrazione Socio-Sanitaria;Residenza Sanitaria Assistita (RSA) Disabili;Centro residenziale che offre prestazioni di assistenza riabilitativa per curare soggetti affetti da menomazioni fisiche, psichiche e sensoriali.
Casa di riposo Monsignore F. Genovese Srl;Monsignore dei Genovesi;Via Largo Genovese, 18 - Cava de’ Tirreni (SA);40.705190, 14.722229;www.casariposogenovese.it;089561264;info@casariposogenovese.it;Area Persone Anziane;Casa albergo residenziale;Casa di riposo che offre servizi di: infermeria, assistenza di base, fisioterapia, cucina, messa e attività d’animazione.
Cassiopea Società Cooperativa Sociale;Ostaglio;Via Ostaglio - 84133 Salerno (SA);40.652507, 14.856037;;0987724708;coop.cassiopeas@email.it;Area Contrasto Alla Povertà;Centro di prima accoglienza e di sistemazione alloggiativa temporanea; 
Centro di Riabilitazione Lars S.r.l;Villa Formosa;Via Pietro Formosa, 19 - 84013 Cava de’ Tirreni (SA);40.698594, 14.702561;www.villaformosarsa.com;0892148801;info@villaformosarsa.com;Area Integrazione Socio-Sanitaria;Residenza Sanitaria Assistita (RSA) Anziani;Rsa che offre assistenza medica qualificata e percorsi riabilitativi personalizzati
Centro di Riabilitazione Lars S.r.l;Villa Formosa;Via Santa Maria Delle Grazie, 11-15 - 84088 Siano SA;40.802105, 14.685445;www.villaformosarsa.com;0813043882;info@villaformosarsa.com;Area Integrazione Socio-Sanitaria;"Residenza Sanitaria Assistita (RSA) Anziani
Residenza Sanitaria Assistita (RSA) Disabili";Rsa che offre assistenza medica qualificata e percorsi riabilitativi personalizzati
Centro di Riabilitazione Lars S.r.l;CDI Centro Diurno Integrato;Piazza Municipio, 1 - 84080 Pellezzano (SA);40.726946, 14.760444;www.centrolars.com;089568249;info@centrolars.com;Area Integrazione Socio-Sanitaria;Centro Diurno Integrato;Offre a soggetti disabili assistenza medica, infermieristica e riabilitativa di livello medio-alto
Centro Italiano Femminile - CIF;Centro Italiano Femminile Provinciale Di Salerno;Via Giulio Ruggi, 42 - Salerno (SA);40.667510, 14.786416; ;089226000;segreteria@cifnazionale.it;;Centro anti-violenza per donne;
Co.Ta.Sa. - Cooperativa Taxisti Salernitani;Co.Ta.Sa. - Cooperativa Taxisti Salernitani;Via Nicola Granati, 6/A - Salerno (SA);40.673204, 14.788363;;089 757575;;Area Disabilità;Servizio Taxi Disabili;
Colomba S.p.a.;Sant’Antonio;Via Convento, 1 - 84090 Giffoni Sei Casali (SA);40.740970, 14.903750;www.colomba.it;089883880;rsa@coopcolomba.it;Area Integrazione Socio-Sanitaria;Residenza Sanitaria Assistita (RSA) Anziani;La società cooperativa offre agli utenti uno strumento atto a fornire una serie di infomazioni sulle attività sanitarie e sociosanitarie erogate.
Consorzio Coop. Sociali “Handy Care”;Sede Legale;Via Giovanni Negri, 5 Salerno (SA);40.683366, 14.767382;www.retesolidale.it;0892582245;info@retesolidale.it;Area Disabilità;Assistenza specialistica all’integrazione scolastica per alunni con disabilità; 
Consorzio Coop. Sociali “Il Deltaplano”;Sede Legale;Traversa Migliaro snc Salerno (SA);40.649415, 14.831839;www.ildeltaplano.it;0897266595;ildeltaplano@gmail.com;Area Disabilità;"Assistenza specialistica all’integrazione scolastica per alunni con disabilità
Assistenza Domiciliare Integrata (ADH)";" Promuove attività e/o servizi per: salvaguardare i minori, portatori di abilità diverse ed anziani;tendenti a sviluppare una maggiore conoscenza e coscienza del cittadino, attraverso manifestazioni e attività di sensibilizzazione;Formare ed aggiornare gli operatori del sociale per una migliore condizione di vita propria e degli utenti presi in carica; Contrastare l'esclusione sociale e favorire l'inserimento dei soggetti svantaggiati nel contesto sociale."
Consorzio Di Cooperative Sociali “La Rada”;Sede Legale;Via Tanagro, 12 - Salerno (SA);40.660227, 14.808938;www.consorziolarada.it;0892583316;info@consorziolarada.it;Area Integrazione Socio-Sanitaria;Assistenza Domiciliare Integrata (ADI); 
Consorzio Di Cooperative Sociali “La Rada”;Vernieri - Asilo Nido Comunale;Via Principessa Sichelgaita, 12 - 84125 Salerno (SA);40.682136, 14.762855;www.consorziolarada.it;089  662915;asilonidovernieri@comune.salerno.it;Asili Nido;Direzione integrata asili nido;"Il nido d'infanzia è organizzato in sezioni che possono corrispondere alle fasce di età (sezione piccoli o lattanti, dai 3 ai 15 mesi; sezione medi o semidivezzi, dai 15 ai 24 mesi; sezione grandi o divezzi, dai 24 ai 36 mesi) oppure possono essere miste (con bambini di diversa età)."
Consorzio Di Cooperative Sociali “La Rada”;Teresa Buonocore - Asilo Nido Comunale;Piazza Pio XII, 9, 84133 Salerno (SA);40.666193, 14.795785;www.consorziolarada.it;089  663332;asilonidobuonocore@gmail.com;Asili Nido;Direzione integrata asili nido;"Il nido d'infanzia è organizzato in sezioni che possono corrispondere alle fasce di età (sezione piccoli o lattanti, dai 3 ai 15 mesi; sezione medi o semidivezzi, dai 15 ai 24 mesi; sezione grandi o divezzi, dai 24 ai 36 mesi) oppure possono essere miste (con bambini di diversa età)."
Consorzio Di Cooperative Sociali “La Rada”;Il Birillo - Asilo Nido Comunale;Via Mauri Raffaele, 61, 84129 Salerno (SA);40.662045, 14.799494;www.consorziolarada.it;089  665193;asilonidobirillo@comune.salerno.it;Asili Nido;Direzione integrata asili nido;"Il nido d'infanzia è organizzato in sezioni che possono corrispondere alle fasce di età (sezione piccoli o lattanti, dai 3 ai 15 mesi; sezione medi o semidivezzi, dai 15 ai 24 mesi; sezione grandi o divezzi, dai 24 ai 36 mesi) oppure possono essere miste (con bambini di diversa età)."
Consorzio Di Cooperative Sociali “La Rada”;Sorriso - Asilo Nido Comunale;Via Onorato da Craco, 84135 Salerno (SA);40.684393, 14.778524;www.consorziolarada.it;089  790625;asilonidosorriso@comune.salerno.it;Asili Nido;Direzione integrata asili nido;"Il nido d'infanzia è organizzato in sezioni che possono corrispondere alle fasce di età (sezione piccoli o lattanti, dai 3 ai 15 mesi; sezione medi o semidivezzi, dai 15 ai 24 mesi; sezione grandi o divezzi, dai 24 ai 36 mesi) oppure possono essere miste (con bambini di diversa età)."
Consorzio Di Cooperative Sociali “La Rada”;Giuseppina Saragat - Asilo Nido Comunale;Via Fusandola, 2, 84121 Salerno (SA);40.680083, 14.753737;www.consorziolarada.it;089  662148;asilonidosaragat@gmail.com;Asili Nido;Direzione integrata asili nido;"Il nido d'infanzia è organizzato in sezioni che possono corrispondere alle fasce di età (sezione piccoli o lattanti, dai 3 ai 15 mesi; sezione medi o semidivezzi, dai 15 ai 24 mesi; sezione grandi o divezzi, dai 24 ai 36 mesi) oppure possono essere miste (con bambini di diversa età)."
Coop Soc Il Villaggio Di Esteban;Centro Diurno Il Bosco Di Bistorco;Via Parmenide 98/100 Salerno (SA);40.655911, 14.805636;www.ilvillaggiodiesteban.it;328 7784971;areaminori@ilvillaggiodiesteban.it;Area Minori;Accoglienza semi residenziale minori;Il Centro diurno polifunzionale è un servizio articolato in spazi multivalenti, che si colloca nella rete dei servizi sociali territoriali. Offre possibilità di aggregazione finalizzata alla prevenzione di situazioni di disagio attraverso proposte di socializzazione tra minori e di identificazione con figure adulte significative. Offre sostegno e supporto alle famiglie.
Coop Soc Il Villaggio Di Esteban;Gruppo Appartamento Il Dito E La Luna;Via Trento 94/B Salerno (SA);40.660234, 14.799095;www.ilvillaggiodiesteban.it;346 8822370;assistentesociale@ilvillaggiodiesteban.it;Area Disabilità;Gruppo Appartamento per persone adulte affette da disagio psichico stabilizzato;Il gruppo appartamento è un servizio residenziale con livello medio di protezione per disabili adulti autonomi e semiautonomi che, non necessitano di assistenza sanitaria continuativa e che optano per una scelta di convivenza, pur nel contesto di una soluzione abitativa autonoma.
Coop Soc Il Villaggio Di Esteban;Centro Diurno Polifunzionale Tangram;Via Mauri Raffaele, 61, 84129 Salerno SA;40.662045, 14.799494;www.ilvillaggiodiesteban.it;320 0182063;assistentesociale@ilvillaggiodiesteban.it;Area Disabilità;"Centro Diurno Polifunzionale per persone con disabilità
Trasporto collettivo disabili";"Il Centro Sociale Polifunzionale è un servizio a ciclo semi-residenziale per disabili adulti e minori dagli 11 ai 18 anni, autonomi e semiautonomi. Si occupa di : assicurare l’assistenza agli ospiti nell’espletamento delle attività e delle funzioni quotidiane, nonché la somministrazione dei pasti, in relazione agli orari di apertura.
attività culturali, laboratoriali, ludico-ricreative, corsi di ginnastica dolce, iniziative di auto-mutuo-aiuto. La frequenza per i minori in età scolare deve essere organizzata in maniera compatibile con l’assolvimento dell’obbligo scolastico"
"Cooperativa Sociale ""Il Villaggio Di Esteban""";"Casa Alloggio ""Escargot""";Via Premuda, 11 - 84132 Salerno (SA);40.658078, 14.814172;www.ilvillaggiodiesteban.it;089 2961833;escargotsalerno@gmail.com;Area Integrazione Socio-Sanitaria;Casa alloggio a bassa attività assistenziale;Servizio residenziale a carattere familiare con medio livello di protezione per persone adulte con disagio psichico che presentano un grado di autonomia medio ed abilità psicosociali sufficientemente acquisite e non necessitano di assistenza sanitaria continuativa. La casa alloggio offre alle persone con disturbo psichiatrico una soluzione abitativa protetta (assistenza continua sociale) nell’ambito di un percorso terapeutico in via di completamento e da realizzare in stretta collaborazione con il servizio sociale professionale dell’Ambito territoriale ed i servizi del DSM
"Cooperativa Sociale ""Il Villaggio Di Esteban""";"Casa Alloggio ""Si Può Fare""";Piazza Matteo D'Aiello, 12 - 84121 Salerno (SA);40.680145, 14.754145;www.ilvillaggiodiesteban.it;089 3180532;sipuofare.villaggiodiesteban@gmail.com;Area Integrazione Socio-Sanitaria;Casa alloggio a bassa attività assistenziale;Servizio residenziale a carattere familiare con medio livello di protezione per persone adulte con disagio psichico che presentano un grado di autonomia medio ed abilità psicosociali sufficientemente acquisite e non necessitano di assistenza sanitaria continuativa. La casa alloggio offre alle persone con disturbo psichiatrico una soluzione abitativa protetta (assistenza continua sociale) nell’ambito di un percorso terapeutico in via di completamento e da realizzare in stretta collaborazione con il servizio sociale professionale dell’Ambito territoriale ed i servizi del DSM
Cooperativa Sociale “Il Villaggio Di Esteban”;Sede Legale;Via R. Mauri c/o ex UMA - Salerno (SA);40.658350, 14.802843;www.ilvillagiodiesteban.it;089330330;carlo.noviello@ilvillaggiodiesteban.it;Area Disabilità;Assistenza specialistica all’integrazione scolastica per alunni con disabilità; 
Cooperativa Sociale “La Città Della Luna”;Sede Legale;Via Tanagro, 12 - Salerno (SA);40.660227, 14.808938;www.cittadellaluna.it;0892854848;info@cittadellaluna.it;Area Integrazione Socio-Sanitaria;Assistenza Domiciliare Integrata (ADI);"La Città della Luna è una Cooperativa Sociale nata nel 2001 a Salerno, in Campania. Occupa oltre 70 lavoratori nel rispetto dei CCNL e attualmente gestisce nell'area di Salerno e provincia:
- servizi alla prima infanzia ed alla famiglia (co-gestione dei 10 asili nido comunali di Salerno e Cava de' Tirreni);
- servizi educativi domiciliari;
- servizi integrativi pomeridiani di potenziamento scolastico;
- servizi di assistenza domiciliare ad anziani e diversamente abili non autosufficienti;
- prevenzione secondaria e house sociali per persone in “zona grigia”."
Cooperativa Sociale “La Città Della Luna”;Servizio a domicilio;;;www.cittadellaluna.it;;;Area Responsabilità Familiari;Educativa domiciliare;
Cooperativa Sociale “La Città Della Luna”;Asilo Nido Spazio Bambine e Bambini;Via Trotula de’ Ruggiero, 24 - 84121 Salerno (SA);40.681201, 14.756368;www.cittadellaluna.it;0892854848;info@cittadellaluna.it;Area Responsabilità Familiari;Spazio bambini e bambine;
"Cooperativa Sociale “La Città Della Luna”
Prometeo 82
Il Girasole Società Cooperativa Sociale";D’Allora - Asilo Nido;Via D'Allora, Salerno (SA);40.666241, 14.805164;www.cittadellaluna.it;089 2854848;asilo.dallora@gmail.com;Asili Nido;Direzione integrata asili nido;"La Città della Luna è una Cooperativa Sociale nata nel 2001 a Salerno, in Campania. Occupa oltre 70 lavoratori nel rispetto dei CCNL e attualmente gestisce nell'area di Salerno e provincia:
- servizi alla prima infanzia ed alla famiglia (co-gestione dei 10 asili nido comunali di Salerno e Cava de' Tirreni);
- servizi educativi domiciliari;
- servizi integrativi pomeridiani di potenziamento scolastico;
- servizi di assistenza domiciliare ad anziani e diversamente abili non autosufficienti;
- prevenzione secondaria e house sociali per persone in “zona grigia”."
"Cooperativa Sociale “La Città Della Luna”
Prometeo 82
Il Girasole Società Cooperativa Sociale";Premuda - Asilo Nido;Via Premuda - 84121 Salerno (SA);40.657517, 14.814668;www.cittadellaluna.it;089 333881;asilonidopremuda@libero.it;Asili Nido;Direzione integrata asili nido;"La Città della Luna è una Cooperativa Sociale nata nel 2001 a Salerno, in Campania. Occupa oltre 70 lavoratori nel rispetto dei CCNL e attualmente gestisce nell'area di Salerno e provincia:
- servizi alla prima infanzia ed alla famiglia (co-gestione dei 10 asili nido comunali di Salerno e Cava de' Tirreni);
- servizi educativi domiciliari;
- servizi integrativi pomeridiani di potenziamento scolastico;
- servizi di assistenza domiciliare ad anziani e diversamente abili non autosufficienti;
- prevenzione secondaria e house sociali per persone in “zona grigia”."
"Cooperativa Sociale “La Città Della Luna”
Prometeo 82
Il Girasole Società Cooperativa Sociale";Iandolo - Asilo Nido Comunale;Via E. Iandolo snc - 84100 Salerno (SA);40.700801, 14.793703;www.cittadellaluna.it;329 2165213;asilonidopastorano2017@gmail.com;Asili Nido;Direzione integrata asili nido;"La Città della Luna è una Cooperativa Sociale nata nel 2001 a Salerno, in Campania. Occupa oltre 70 lavoratori nel rispetto dei CCNL e attualmente gestisce nell'area di Salerno e provincia:
- servizi alla prima infanzia ed alla famiglia (co-gestione dei 10 asili nido comunali di Salerno e Cava de' Tirreni);
- servizi educativi domiciliari;
- servizi integrativi pomeridiani di potenziamento scolastico;
- servizi di assistenza domiciliare ad anziani e diversamente abili non autosufficienti;
- prevenzione secondaria e house sociali per persone in “zona grigia”."
"Cooperativa Sociale “La Città Della Luna”
Prometeo 82
Il Girasole Società Cooperativa Sociale";Bottiglieri - Asilo Nido Comunale;Via Enrico Bottiglieri - 84134 Salerno (SA);40.677173, 14.777781;www.cittadellaluna.it;349 8109198;asilonidobottiglieri@gmail.com;Asili Nido;Direzione integrata asili nido;"La Città della Luna è una Cooperativa Sociale nata nel 2001 a Salerno, in Campania. Occupa oltre 70 lavoratori nel rispetto dei CCNL e attualmente gestisce nell'area di Salerno e provincia:
- servizi alla prima infanzia ed alla famiglia (co-gestione dei 10 asili nido comunali di Salerno e Cava de' Tirreni);
- servizi educativi domiciliari;
- servizi integrativi pomeridiani di potenziamento scolastico;
- servizi di assistenza domiciliare ad anziani e diversamente abili non autosufficienti;
- prevenzione secondaria e house sociali per persone in “zona grigia”."
Cooperativa Sociale A.S.S.;Le Nuvole Di Picasso;Via Delle Industrie , 18/20, Bellizzi (SA);40.628161, 14.956853; sites.google.com;089 9481393;cooperativaass@libero.it;Area Integrazione Socio-Sanitaria;Casa alloggio a bassa attività assistenziale; La Comunità Terapeutica Le Nuvole di Picasso è specializzata nel trattamento e nella riabilitazione di pazienti affetti da disturbi di tipo psichiatrico che si ispira ad una dimensione familiare capace di aderire ai bisogni di vita degli ospiti.
Cooperativa Sociale Allegramente;Gruppo Appartamento Allegramente;Via Posidonia,161, 84095 Salerno (SA);40.667658, 14.789588;www.retesolidale.it;089 2582245;allegramente@retesolidale.it;Area Integrazione Socio-Sanitaria;Gruppo appartamento a basso livello di protezione per persone adulte con disagio pischico;"La struttura offre: l’accoglienza; un’assistenza di base qualificata; sostegno e miglioramento dei livelli di autonomia acquisiti,
offre un’attività di consulenza psicologica;
persegue l’integrazione sociale degli utenti;
svolge attività didattico - formative finalizzate ad agevolare l'avvio al lavoro degli ospiti;offre occasioni di svago e divertimento quali gite, vacanze per promuovere adeguati livelli
di integrazione.
"
Cooperativa Sociale Boetheia Onlus;Casa Crisalide;Via Manzoni, 2 - 80044 Ottaviano (NA);40.846539, 14.504056;www.crisalideonlus.it;081 8614496;boetheiaonlus@gmail.com;Area Integrazione Socio-Sanitaria;Casa alloggio a bassa attività assistenziale;"La Casa Famiglia accoglie minori vittime di maltrattamenti e/o abusi sessuali.Per quanto riguarda le attività di routine, il percorso educativo del minore, nell’ottica delle pari opportunità, contempla le seguenti attività: accudimento, cura e pulizia per l’igiene personale; cura dell’alimentazione; accompagnamento di tutela della salute;
accompagnamento nel gioco;
sostegno all’inserimento scolastico e alla socializzazione;
accompagnamento alla psicodiagnosi, e altri interventi di accompagnamento del minore che si rendessero necessari (es. TpM, eventuali incidenti probatori ecc.); accompagnamento nella fruizione guidata di programmi televisivi e di ogni altro media; accompagnamento nella partecipazione ad iniziative spettacolari, culturali, sportive e di tempo libero rivolte all’infanzia; accompagnamento nelle vacanze durante il periodo estivo."
Cooperativa Sociale Intesa;San Nicola;Via Due Principati, 64,83020, Forino( AV);40.854003, 14.750385;www.retesolidale.it;089 2582245;sanicola@retesolidale.it;Area Integrazione Socio-Sanitaria;Casa alloggio a bassa attività assistenziale; 
Cooperativa Sociale Napoli - Integrazione;Coop. Sociale Napoli Integrazione a marchio Anfass;Largo S.C. de Lellis, 1 - 80046 San Giorgio a Cremano (NA);40.834483, 14.344744;www.aziendeitaliane.net;081 4288025;contabilita@napolintegrazione.it;Area Integrazione Socio-Sanitaria;Residenza Sanitaria Assistita (RSA) Disabili; 
Cooperativa Sociale Saturno Onlus;Sede Legale;Via Contrada Pezzapiana, snc - Benevento (AV);41.144113, 14.773349;www.saturnoonlus.it;082451282;info@saturnoonlus.it;Area Integrazione Socio-Sanitaria;Assistenza Domiciliare Integrata (ADI); 
Cooperativa Sociale Senso Alato Scs;Calata S. Vito;Via S. Bartolomeo 16 84080 Pelezzano (SA);40.711471, 14.771685;www.sensoalato.it;089 796184;sensoalato@virgilio.it;Area Integrazione Socio-Sanitaria;"Casa alloggio a bassa attività assistenziale
Assistenza Domiciliare Integrata (ADI)"; 
Cooperativa Sociale Senso Alato Scs;Sede Legale;Via Tanagro, 12 - Salerno (SA);40.660227, 14.808938;www.sensoalato.it;089796184;sensoalato@virgilio.it;Area Integrazione Socio-Sanitaria;Assistenza Domiciliare Integrata (ADI); 
Cooperativa Sociale Un Tetto Per Tutti;Peter Pan;Via Tusciano, 25,84132, Salerno (SA);40.659477, 14.810425;www.retesolidale.it;089 2582245;peterpan@retesolidale.it;Area Disabilità;Accoglienza Residenziale per soggetti con disabilità;"E’ una struttura “non sanitaria” nata per far fronte alle numerose ed impellenti esigenze di quei disabili (e delle loro famiglie) dimessi dai Centri di Riabilitazione in quanto non più suscettibili di miglioramento neuro-psico-motorio, alle quali va comunque garantito il mantenimento dei risultati acquisiti. Offre servizi di assistenza alle funzioni di base; attività di socializzazione e di reinserimento sociale (attraverso programmi individuali); cura dei rapporti con le famiglie; collaborazione con i servizi territoriali.

"
Cooperativa Sociale Un Tetto Per Tutti;Casa Di Vito;Via Giovanni Xxiii, 84126, Salerno (SA);40.659477, 14.769735;www.retesolidale.it;089 2582245;casadivito@retesolidale.it;Area Disabilità;Accoglienza Residenziale per soggetti con disabilità; Struttura rivolta a disabili medio gravi, autosufficienti, non assistibili a domicilio, privi del sostegno familiare. A questi offre non solo servizio di assistenza, ma anche un ambiente ideale alla socializzazione. Offre assistenza alle funzioni di base, attività di socializzazione e di inserimento lavorativo attraverso la gestione di una lavanderia industriale.
Cooperativa Sociale Un Tetto Per Tutti;Centro Socio Educativo Cse;Via Giovanni Xxiii, 84126, Salerno (SA);40.688612, 14.769735;www.retesolidale.it;089 2582245;info@retesolidale.it;Area Disabilità;"Centro Diurno Polifunzionale per persone con disabilità
Trasporto collettivo disabili"; 
Cooperativa Sociale Un Tetto Per Tutti;Sede Legale;Via G. Negri, 5 - Salerno (SA);40.683366, 14.767382;www.retesolidale.it;0892582245;info@retesolidale.it;Area Integrazione Socio-Sanitaria;Assistenza Domiciliare Integrata (ADI); 
Cooperativa Sorrisi D’Argento;Casa alloggio Eracle;Via Cupa del Feudo, 35 Sant’Egidio del Monte Albino (SA);40.737886, 14.589379;www.sorrisidargentoonlus.it;081917420;info@sorrisidargento.it;Area Integrazione Socio-Sanitaria;Casa alloggio a bassa attività assistenziale; 
Cooperativa Sorrisi D’Argento;Casa alloggio Demetra;Via Quarto 34, Sant’Egidio del Monte Albino (SA);40.752525, 14.591354;www.sorrisidargentoonlus.it;081917420;info@sorrrisidargento.it;Area Integrazione Socio-Sanitaria;Casa alloggio a bassa attività assistenziale;" La comunità alloggio per disabili psichici “DEMETRA” offre assistenza con regime  residenziale a soggetti maggiorenni con lieve disabilità psichica, che presentano un grado di autonomia medio-basso, con abilità psico-sociali sufficientemente acquisite, che non hanno la possibilità, per motivi diversi, di vivere all’interno del proprio contesto familiare. Ha lo scopo di: offrire assistenza sociale-sanitaria-riabilitativa, in modo da sostenere e potenziare i livelli residui di autonomia; potenziare le capacità positive e le risorse del paziente,siano esse non solo personali, bensì anche familiari."
Delfino - Società Cooperativa Sociale;Chicco Di Grano;Via Rocco Cocchia, 173 - 84100 Salerno;40.664317, 14.801740;www.coopsocialedelfino.it; 0892962796; info@coopsocialedelfino.it;Area Immigrazione, Area Minori;"Accoglienza residenziale minori
Accoglienza residenziale minori MSNA";Prevede i seguenti servizi:comunità educativa di tipo familiare,centri diurni colonia estiva.
Delfino - Società Cooperativa Sociale;Raggio Di Sole;Via Martiri Ungheresi, 13 Salerno (SA);40.665121, 14.794310;www.coopsocialedelfino.it;0892962796; info@coopsocialedelfino.it;Area Minori;Accoglienza semi residenziale minori; Il Centro diurno polifunzionale “Raggio di Sole” è attivo nel territorio del comune di Salerno, e nasce per rispondere alla sempre più frequente esigenza delle famiglie di minori che si trovino in situazione di disagio socio-ambientale, di ritardo scolastico, o a rischio di emarginazione e per le quali si ravvisi la necessità di un supporto educativo e di un modello positivo che stimoli rapporti familiari e sociali.
Delfino - Società Cooperativa Sociale;Sentiero Di Luna;Viale Dei Romani, 1 Salerno (SA);40.698522, 14.781300;www.coopsocialedelfino.it;0892962796; info@coopsocialedelfino.it;Area Minori;Accoglienza semi residenziale minori;" Centro sociale polifunzionale il cui intervento educativo è caratterizzato dal lavoro svolto dal responsabile della struttura insieme allo staff professionale, non solo nel rapporto individuale con il minore, ma anche: in relazione alla famiglia quale supporto di mediazione fra genitori e figli stimolando i primi ad assumere un ruolo attivo nella crescita educativa dei ragazzi; nel rapporto con la scuola,con un’opera di sensibilizzazione affinché la stessa trovi gli strumenti per realizzare l’effettiva capacità del ragazzo mediante progetti scolastici mirati, stimolando la presa in carico delle situazioni di disagio; nel contesto sociale mediante la ricerca di risorse culturali e sportive, proponendole al minore ed affiancandole al loro utilizzo."
Delfino - Società Cooperativa Sociale;;;;;;;Area Responsabilità Familiari;Educativa domiciliare;
Domus Familia Felix;Domus Familia Felix;Via Tenente Falco, 53 - Mercato San Severino (SA);40.781690, 14.751387;www.empresite.it;335 6516711;domusfamiliafelix@outlook.it;Area Contrasto Alla Povertà, Area Minori;Accoglienza donne maltrattate e donne con bambini; 
Emmaus;Dolce Sentire;Via Fratelli Linguiti, 14/A Salerno (SA);40.681248, 14.759424;www.emmausalerno.it;089861955; direzione@emmaussalerno.it;Area Minori;Accoglienza residenziale minori; La Comunità accoglie minori non accompagnati dai 13 ai 18 anni e garantisce vari servizi quali ad esempio: assistenza sanitaria, sociale e legale, inserimento scolastico, avvio al lavoro, ecc…. L’accoglienza ha finalità di garantire misure di assistenza e di protezione del minore, favorendone il percorso verso il raggiungimento della propria autonomia.
Emmaus;Casa Mercedes;Via Marcello Torrione, 14/1 - 84085 Mercato San Severino (SA);40.778275, 14.737351;www.emmaussalerno.it;089861955;direzione@emmaussalerno.it;Area Immigrazione;Accoglienza residenziale MSNA; 
Emmaus;L'airone;Via Vitoli, 14 Castiglione Dei Genovesi;40.724578, 14.850801;www.emmausalerno.it;089861955;direzione@emmaussalerno.it;Area Minori;Accoglienza residenziale minori; La Comunità accoglie minori dai 4 ai 13 anni. Gli utenti sono italiani e stranieri, di ambo i sessi, in stato di abbandono e con situazioni familiari problematiche, a rischio emarginazione sociale ed a rischio psico-patologico. La struttura può ospitare fino a un massimo di 6 minori.
Emmaus;Centro Accoglienza Albero Della Vita;Via Vitoli, 14 Castiglione Dei Genovesi;40.724578, 14.850801;www.emmaussalerno.it;089861955;direzione@emmaussalerno.it;Area Minori;Accoglienza residenziale minori; La Comunità di accoglienza di tipo residenziale ospita gestanti, nuclei familiari monogenitoriali e donne in difficoltà. Offre una serie di servizi primari e secondari, garantendone la continuità nell’arco delle 24 h per tutto l’anno.
Emmaus;I Papaveri;Via Nizza, 134/C Salerno;40.680256, 14.771683;www.emmaussalerno.it;089861955;direzione@emmaussalerno.it;Area Minori;Accoglienza residenziale minori; La Comunità alloggio accoglie minori dai 13 ai 18 anni, in regime residenziale, minori stranieri in stato di abbandono o con situazioni familiari problematiche, a rischio emarginazione sociale ed a rischio psico-patologico.
Emmaus;Oltre I Confini;Via Pizzi, 9 Castiglione Dei Genovesi (SA);40.724125, 14.849915;www.emmaussalerno.it;089861955;direzione@emmaussalerno.it;Area Minori;Accoglienza residenziale minori; 
Emmaus;L’albero Della Vita;Via Vitoli, 8 - Castiglione Dei Genovesi (SA);40.724528, 14.849869;www.emmausalerno.it;089861955;direzione@emmaussalerno.it;Area Contrasto Alla Povertà;Accoglienza donne maltrattate e Donne con bambini; La Comunità di accoglienza di tipo residenziale ospita gestanti, nuclei familiari monogenitoriali e donne in difficoltà. Offre una serie di servizi primari e secondari, garantendone la continuità nell’arco delle 24 h per tutto l’anno.
Emmaus;Oltre i confini;Via Pizzi, 9 - Castiglione dei Genovesi (SA);40.724125, 14.849915;www.emmaussalerno.it;089861955;direzione@emmaussalerno.it;Area Immigrazione;Progetto SAI; La Comunità alloggio è inserita nel circuito del servizio centrale per la protezione dei richiedenti asilo (SPRAR MINORI). La struttura accoglie minori non accompagnati dai 13 ai 18 anni.
Etm;La Casa Di Manuela;Via Cavalieri Di Vittorio Veneto, 19 - 81034 Mondragone (CE);41.104737, 13.888820; ; ; ;Area Immigrazione;Accoglienza residenziale MSNA; 
Faber;Faber;Via Lo Fiengo, 29 - Calvi (BN);40.724125, 14.849915;www.serviziaiminori.it;0824 338068;coop.faber@libero.it;Area Minori;Accoglienza residenziale minori; 
Figlie Della Carità Preziosissimo Sangue;Tommaso Maria Fusco;Via Rocco Cocchia, 37 Salerno;40.664009, 14.797311; ;089 752881; c.famiglia@tiscali.it;Area Minori;Accoglienza residenziale minori; 
Fili D'Erba - Cooperativa Sociale;Gulliver;Via Rocco Cocchia, 189, 84132 Salerno (SA);40.664426, 14.802320;www.coopfiliderba.it;3271191110;info@coopfiliderba.it;Area Minori;Accoglienza semi residenziale minori; Centro polifunzionale semiresidenziale che accoglie ragazzi di età compresa tra i 14 e i 18 anni. È caratterizzato da una molteplicità di interventi e si propone come sollecitatore e promotore delle risorse esistenti nel ragazzo, finalizzati alla prevenzione di situazioni di disagio.
Fili D'Erba - Cooperativa Sociale;Anthos;Via Trento, 177 Salerno;40.658459, 14.801855;www.coopfiliderba.it;089727317;info@coopfiliderba.it;Area Minori;Accoglienza semi residenziale minori; Centro diurno polifunzionaole che ospita minori dai 6 ai 13 anni. Si configura come un servizio di accoglienza volto a garantire una proposta educativa della famiglia, finalizzata al supporto e alla prevenzione di situazioni di disagio. La finalità di questo intervento consiste nella promozione del benessere sociale dei minori e delle famiglie tramite attività che offrono esperienze di crescita e socializzazione.
Fili D'Erba - Cooperativa Sociale;Ippocampo;Via Largo Moscati, 9 Int. 6 Salerno (SA);40.660064, 14.811412;www.coopfiliderba.it;3806467440;info@coopfiliderba.it;Area Minori;Accoglienza semi residenziale minori; Centro diurno polifunzionale semiresidenziale rivolto ai minori di età compresa tra i 6 e i 13 anni. Il centro vuole offrire un contesto adeguato a rappresentare un riferimento sicuro e una presenza stabile dal punto di vista affettivo, realizzando una situazione che renda possibile la socializzazione tra minori e l’identificazione con figure adulte significative.
Fili D'Erba - Cooperativa Sociale;Casa Dolce Casa;Via Vanvitelli, 13/A - 84091 Battipaglia (SA);40.616658, 14.963938;www.coopfiliderba.it;3333793606;info@coopfiliderba.it;Area Immigrazione, Area Minori;"Accoglienza residenziale minori
Accoglienza residenziale minori MSNA"; Struttura a carattere residenziale rivolta ai minori di sesso maschile di età compresa tra i 13 e 18 anni. Il servizio prevede l’accoglienza e la cura dei minori, una costante azione educativa, assistenza e tutela, gestione della quotidianità e organizzazione della vita, così come avviene nel normale clima familiare, coinvolgimento del minore in tutte le attività di espletamento della vita quotidiana.
Fili D'Erba - Cooperativa Sociale;;Via Salvo D’Acquisto, 11 - Salerno (SA);40.664284, 14.795573;;089 727317;;Area Responsabilità Familiari;Nido d’infanzia - Mamme in rete;
Fondazione Anffas Salerno Giovanni Caressa Onlus;Fondazione Anffas Salerno;Via Del Tonnazzo, 83 - 84100 Salerno (SA);40.652645, 14.853374;www.fondazioneanfassalerno.it  ;"089302393
089303077";fondazioneanfas.salerno@gmail.com;Area Integrazione Socio-Sanitaria;"Centro Diurno Integrato
Trasporto collettivo disabili"; Fondazione che nasce nel 2009 e che offre supporto alle persone con disabilità, supporto alle famiglie, supporto agli operatori e professionisti, lavoro sulla comunità e attività di advocacy e tutela dei diritti.
Fondazione Anffas Salerno Giovanni Caressa Onlus;"Centro di Riabilitazione ""Leucosia"" Fondazione ANFFAS Salerno";Via Leucosia, 16 - Salerno (SA);40.654260, 14.806580;;089 338931;;Area Disabilità;Trasporto collettivo disabili;
Fondazione Casamica;"Co-Housing ""Dopo Di Noi""";Via Mare Adriatico,9 84098 Pontecagnano  (SA);40.618117, 14.860764;www.retesolidale.it;089 2582245;info@retesolidale.it;Area Disabilità;Gruppo Appartamento per persone adulte affette da disagio psichico stabilizzato; Rappresenta una soluzione alloggiativa innovativa per persone con disabilità grave, per le quali si prevede un percorso programmato di de-istituzionalizzazione e di accompagnamento verso l’autonomia sociale. Accoglie e soddisfa le specifiche esigenze di residenzialità di massimo 5 ospiti in condizione di disabilità grave.
Fondazione Casamica;Casal Fauastino / Sirmiv;Via L. D'Alessio,84095, Giffoni Valle Piana (SA);40.690607, 14.926903;www.retesolidale.it;089 2582245;sirmiv@retesolidale.it;Area Minori;; Struttura dotata di 10 posti letto specializzata nel trattamento psicoterapeutico e psichiatrico di minori preadolescenti e adolescenti, di età compresa tra i 10 e i 18 anni, con psicopatologie che non possono essere gestite nell’ambito del sistema familiare.
Fondazione Casamica;Villa Angela;Via Fratelli Cairoli, 51 84092 Bellizzi (SA);40.620269, 14.941697;www.retesolidale.it;089 2582245;villa.angela@retesolidale.it;Area Integrazione Socio-Sanitaria;Casa alloggio a bassa attività assistenziale; Fondazione specializzata per ospitare pazienti affetti da patologie croniche e cardiache, broncopolmonari, neurologiche, vascolari di natura arterosclerotica, vascolari da epatopatie degenerative. Garantisce un iter diagnostico-terapeutico opportuno ed all’avanguardia.
Fondazione Casamica;Dolce Risveglio;Via Moio Alto, 84043, Agropoli (SA);40.342908, 14.993114;www.retesolidale.it;089 2582245;dolcerisveglio@retesolidale.it;Area Integrazione Socio-Sanitaria;Casa alloggio a bassa attività assistenziale; Fondazione destinata ad adulti sofferenti psichici che attraverso le attività occupazionali e ludico-creative, potranno essere restituiti al tessuto sociale.
Fondazione Casamica;Padre Lorenzo Natiello;Via Longa, 4,84099, San Cipriano Picentino (SA);40.698275, 14.874651;www.retesolidale.it;089 2582245;padrelorenzonatiello@retesolidale.it;Area Integrazione Socio-Sanitaria;Casa alloggio a bassa attività assistenziale; 
Fondazione Casamica;Casal Del Noce;Via San Pietro, 1 84090, Giffoni Sei Casali (SA);40.698338, 14.897577;www.retesolidale.it;089 2582245;casaldelnoce@retesolidale.it;Area Integrazione Socio-Sanitaria;Casa alloggio a bassa attività assistenziale;"La comunità alloggio denominata “Casal Del Noce” sorge sulle colline dei Monti Picentini ed completamente immersa nel verde.
La struttura disposta su quattro livelli è dotata di 12 posti letto e di ampi spazi all’interno destinati alle attività di relax (sala tv, ping-pong, calcetto, carambola, ecc.).
La struttura dispone di 20 mila mq di terreno coltivato dove oltre alle coltivazioni in serra è attivo un allevamento ippico con fattrici certificate UNIRE (Unione Nazionale Incremento Razze Equine).
Casal Del Noce e Nonno Emilio 2 si distinguono dalle altre strutture per una caratteristica comune ovvero la realizzazione di progetti di avviamento al lavoro dove il paziente diventa protagonista della propria vita, al fine di favorire l’acquisizione di una maggiore autonomia."
Fondazione Casamica;La Collina;Via Subia, 45 ,84084, Fisciano (SA);40.753431, 14.813446;www.retesolidale.it;089 2582245;lacollina@retesolidale.it;Area Integrazione Socio-Sanitaria;Casa alloggio a bassa attività assistenziale; 
Fondazione Casamica;Nonno Emilio;Via Mar Adriatico, 11, 84098, Pontecagnano Faiano (SA);40.618004, 14.860816;www.retesolidale.it;089 2582245;nonnoemilio@retesolidale.it;Area Integrazione Socio-Sanitaria;Casa alloggio a bassa attività assistenziale; Comunità alloggio consistente in una villetta su due piani, munita di camere da letto singole e doppie, assicura servizi igienici, sala mensa e spazi comuni adibiti a laboratori, sala relax e tv, con capienza massima di 9 persone. Nella struttura si conduce un’esperienza di vita comunitaria, vicina al modello familiare, in ambiente affettivamente ricco e in grado di consentire legami stabili e duraturi.
Fondazione Casamica;Casalbergo F. Villani;Via E. De Filippo, 1,83011, Altav.Irpina (AV);41.004969, 14.779118;www.retesolidale.it;089 2582245;casalbergovillani@retesolidale.it;Area Persone Anziane;Casa albergo residenziale; Fondazione di due piani su cui sono distribuiti spazi comuni adibiti a laboratori, sala relax e tv, camere da letto singole e doppie, per un totale di 34 posti letto, la quale ospita ultrasessantacinquenni in stato di bisogno sociale senza un nucleo familiare che li possa accudire e con ridotta autonomia.
Fondazione Casamica;Gruppo Appartamento Villa Acquamare;Via Longa, 1 84099, San Cipriano Picentino (SA);40.698275, 14.874651;www.retesolidale.it;089 2582245;info@retesolidale.it;Area Disabilità;Gruppo Appartamento per persone adulte affette da disagio psichico stabilizzato;Struttura residenziale che riproduce un ambiente familiare in grado di accogliere e soddisfare le esigenze personali di 5 ospiti, con un basso livello di protezione, ma con la necessità di un supporto materiale e di sostegno emotivo nella cura della persona e nella gestione della casa.
Fondazione Casamica;Gruppo Appartamento Casamia;"Via P. Sichelgaita,33, 84126 Salerno (SA)
Via Fulgenzio D’Allora, 5 - Salerno (SA)";40.685770, 14.771055;www.retesolidale.it;089 2582245;info@retesolidale.it;Area Disabilità;Gruppo Appartamento per persone adulte affette da disagio psichico stabilizzato;La struttura, composta da cinque posti letto, offre una situazione abitativa che agevoli il processo di integrazione sociale con persone affette da disturbi psichici attraverso interventi riabilitativi e terapeutici attuati nella quotidianità della “casa”.
Gea Società Cooperativa Sociale;Sede Legale;Piazza Corsano, 8, 84010, Tramonti (SA);40.703432, 14.635452;www.coopgea.org;089 876135;gare@coopgea.org;Area Integrazione Socio-Sanitaria;Assistenza Domiciliare Integrata (ADI);Le attività della cooperativa sono finalizzate alla soddisfazione dei bisogni delle persone, alla difesa e alla tutela dei diritti umani, all’integrazione delle risorse territoriali e allo sviluppo locale. Le prestazioni dei servizi mirano a soddisfare bisogni fondamentali, come garantire ai cittadini la permanenza nel proprio di vita in condizioni di massima autonomia, di fornire risposte alle esigenze nella gestione della vita quotidiana.
Gea Società Cooperativa Sociale;Sede Legale;Piazza Corsano, 8, 84010, Tramonti (SA);40.703432, 14.635452;www.coopgea.org;089 876135;gare@coopgea.org;Area Disabilità;Assistenza specialistica all’integrazione scolastica per alunni con disabilità;Le attività della cooperativa sono finalizzate alla soddisfazione dei bisogni delle persone, alla difesa e alla tutela dei diritti umani, all’integrazione delle risorse territoriali e allo sviluppo locale. Le prestazioni dei servizi mirano a soddisfare bisogni fondamentali, come garantire ai cittadini la permanenza nel proprio di vita in condizioni di massima autonomia, di fornire risposte alle esigenze nella gestione della vita quotidiana.
Gea Società Cooperativa Sociale;Maria Grazia Gargano;Corso Vittorio Emanuele II, 40 - Sant’Angelo dei Lombardi (AV);40.927077, 15.178496;www.coopgea.org;0825679311;segreteria@cooperativaintra.it;Area Integrazione Socio-Sanitaria;Comunità tutelare; Struttura tutelare per persone non autosufficienti ed anziani, offre comode camere e ampi spazi dedicati alle attività individuali di gruppo e all’accoglienza delle famiglie. I servizi offerti sono mirati al recupero e al mantenimento del benessere fisico e psichico degli ospiti, garantendo un’assistenza completa e qualificata con professionisti specializzati.
Gea Società Cooperativa Sociale;Villa San Gallo;Via Cotugno - Roccabascerana (AV);41.017174, 14.718354;www.coopgea.org;08251856029;info@casadiriposoavellino.it;Area Integrazione Socio-Sanitaria;Comunità tutelare;La struttura offre ambienti luminosi, ampi spazi interni ed esterni dotati di ogni tipo di confort per persone con ridotta mobilità.
Giovamente;Ohana;Via Spirito Santo, 2 Pellezzano (SA);40.729972, 14.759175;www.cooperativa.giovamente.it;0892751075; ;Area Minori;Accoglienza semi residenziale minori;Centro diurno polifunzionale che accoglie minori dai 4 ai 17 anni in regime di semiresidenzialità. Dispone di una stanza per gli incontri protetti usufruibile dagli assistenti sociali su richiesta. Al suo interno si svolgono attività ludiche, di laboratorio e recupero scolastico a seconda delle esigenze e dell’età dei soggetti interessati.
Giovamente;Neverland;Via Picenza, 20 - 84100 Salerno (SA);40.657643, 14.803610;www.cooperativa.giovamente.it;089568174; ;Area Immigrazione;Accoglienza residenziale;La Comunità è volta a promuovere, progettare e realizzare interventi a favore di minori abbisognevoli di accoglienza, orientamento e accompagnamento. Garantisce il supporto a percorsi di inclusione sociale e lavorativa ed all’acquisizione di pari opportunità di cittadinanza.
Giovamente;La Tela Di Carlotta;Via Casa Greco, 7 - Mercato San Severino (SA);40.774132, 14.729388;www.cooperativa.giovamente.it;089894629; ;Area Minori;Accoglienza residenziale minori; 
Giovamente;Life Is A Game;Via Moscani, 2 - Salerno (SA);40.674607, 14.797449;www.cooperativa.giovamente.it;3803775147;;Area Disabilità;Ludoteca sociale per bambini con disturbo dello spettro autistico;Il progetto consiste in incontri ricreativi con bimbi affetti dal disturbo dello spettro autistico e\o diverse difficoltà unitamente ai propri genitori. Il gioco diventa uno strumento e un canale di comunicazione, di integrazione e socializzazione.
Giovamente;Sede Legale;Via A. Nicolodi, 12 Salerno (SA);40.729972, 14.759175;www.cooperativa.giovamente.it;0892751075;cooperativa@giovamente.it;Area Disabilità;Assistenza specialistica all’integrazione scolastica per alunni con disabilità;La cooperativa punta a prendersi cura della persona attraverso servizi socioassistenziali ed educativi rivolti a famiglie, minori e persone con disabilità, minori stranieri non accompagnati, procurando inoltre un’occupazione qualificata e continuativa ai propri soci.
"Gruppo Appartamento ""La Tana Di Dimitri""";Gruppo Appartamento;Piazza D'armi, 10 - 84128 Salerno (SA);40.667450, 14.789320;www.ilvillaggiodiesteban.it;089 3180532;tanadidimitri@gmail.com;Area Disabilità;Gruppo Appartamento per persone adulte affette da disagio psichico stabilizzato;Servizio residenziale a carattere familiare con basso livello di protezione per persone adulte con disagio psichico stabilizzate e uscite dal circuito terapeutico-riabilitativo psichiatrico, che non necessitano di assistenza sanitaria continuativa e che optano per una scelta di convivenza nel contesto di una soluzione abitativa autonoma.
I.sa.ma Srl;Isama;Via Dei Sarrasti, 2 - 84014 Nocera Inferiore (SA);40.739212, 14.644287;www.gruppoisama.it;0815170154;info@gruppoisama.it;Area Integrazione Socio-Sanitaria;Residenza Sanitaria Assistita (RSA) Anziani;Dal 1986 fornisce prestazioni sanitarie avanzate con due centri di dialisi e un RSA convenzionati con SSN e un centro fisioterapico attivo sul territorio
Il Giardino Del Tempo;Il Giardino Del Tempo;Via O. Granozio, 38/40 - 84095 Giffoni Valle Piana (SA);40.708670, 14.930460; ;3476643897;giardinodeltempo.2017@gmail.com;Area Immigrazione;Accoglienza residenziale MSNA;Svolge attività volte alla promozione ed integrazione sociale degli anziani, attraverso l’organizzazione e la gestione di servizi socio-sanitari, psico-sociali, educativi e di formazione. E’ una comunità residenziale e semiresidenziale con attività creative che consentono alla persona anziana di essere attiva sia dal punto di vista psichico che fisico.
Il Giardino Dell'Eden;Nonno Arturo;Via Tufariello, 24/C - 84091 Battipaglia (SA);40.576613, 14.940962; ;3451617169;portofranco93@gmail.com;Area Immigrazione;Accoglienza residenziale MSNA;Accoglie i minorenni provenienti da contesti familiari complicati o con precedenti penali al fine di reinserirli all’interno della società.
Il Girasole Società Cooperativa Sociale;Sede Legale;Via San Leonardo - Traversa Migliaro snc;40.649415, 14.831839;www.cooperativasociale.it;089 7266595;info@cooperativasociale.it;Area Integrazione Socio-Sanitaria;Assistenza Domiciliare Integrata (ADI);Adotta un sistema di qualità certificata ISO9001:2015 con certificato numero 24315\02\S emesso dall’ente certificato RE RINA. Selvazzano dentro per i seguenti campi di attività: progettazione ed erogazione di servizi socio-sanitari ed educativi semiresidenziali e residenziali, rivolti a persone con disabilità.
Il Girasole Società Cooperativa Sociale;Officina Delle Idee;Via San Leonardo - Traversa Migliaro snc;40.649415, 14.831839;www.cooperativasociale.it;0897266595;info@cooperativasociale.it;Area Disabilità;"Centro Diurno Polifunzionale per persone con disabilità
Trasporto collettivo disabili"; 
"Il Girasole Società Cooperativa Sociale
Prometeo 82";Servizio a domicilio;;;;;;Area Responsabilità Familiari;Baby sitting;
"Il Girasole Società Cooperativa Sociale
Prometeo 82
Fili D'Erba - Cooperativa Sociale";Servizio a domicilio;;;;;;Area Responsabilità Familiari;Progetto ITIA - Educativa domiciliare;
Il Ponte;I Girasoli 2;Via San Giacomo ai Poveri, 11 - Mercato San Severino (SA);40.785130, 14.760692;www.centrolatenda.it;0892590152;ilponte@centrolatenda.it;Area Immigrazione;Progetto SAI;Una realtà socioeducativa che ospita un massimo di otto minori di età compresa tra gli 11 e 18 anni, di ambo i sessi, deprivati delle cure necessarie ad un idoneo sviluppo socioaffettivo. Si propone di garantire ai ragazzi una significativa crescita personale e socio-culturale, al fine di sostenerli nell’acquisizione di un idoneo bagaglio valoriale e formativo per una concreta integrazione socio-familiare o in prospettiva per la realizzazione di progetti di autonomia e di integrazione socio lavorativa.
Il Ponte;Il Melograno;Via Brignano Inferiore, 63 - Salerno (SA);40.690807, 14.786222;www.centrolatenda.it;;ilponte@centrolatenda.it;Area Immigrazione;Progetto SAI;Centro per bambini maltrattati e la cura della crisi familiare.
Il Ponte;Il Biancospino;Via Alfredo Capone, 59 - Salerno (SA);40.680081, 14.776071;www.centrolatenda.it;089481820;ilponte@centrolatenda.it;Area Immigrazione;Progetto SAI; 
Il Sentiero;La Roccia;Via Virlingieri, Snc - 84030 Sanza (SA);40.244841, 15.550223; ;3939257441;info@cooperativailsentiero.it;Area Immigrazione;Accoglienza residenziale MSNA; 
Il Sogno - Cooperativa Sociale;I Ragazzi Di Padre Tobia;Via Rufoli, Snc, Salerno (SA);40.701186, 14.814203;www.coopilsogno.it;; ;Area Minori;Accoglienza semi residenziale minori; Recupero del disagio e promozione dell’agio e del benessere dei minori e dei giovani. Favorisce la crescita, maturazione individuale e la socializzazione del minore con i coetanei. Promuove nel sociale l’ottica preventiva e promozionale attraverso il lavoro del gruppo di progettazione formativa ed educativa della cooperativa. Promuove ed incrementa le forme di integrazione sociale che hanno come scopo lo sviluppo integrale della persona.
Il Sollievo;Charlot;Corso Vittorio Emanuele, 85 - 84012 Angri (SA);40.744682, 14.574585;www.coopilsollievo.it;0981940857;coopilsollievo@libero.it;Area Immigrazione;Accoglienza residenziale MSNA; La Comunità alloggio è un servizio educativo residenziale a carattere comunitario, caratterizzato dalla convivenza di un gruppo di giovani, con la presenza di operatori professionali che assumono la funzione di adulti di riferimento. Assicura il funzionamento nell’arco delle 24h per tutto l’anno, accoglienza e cura dei giovani, costante azione educativa, assistenza e tutela, gestione della quotidianità, attività socio educative volte ad un adeguato sviluppo dell’autonomia individuale, coinvolgimento dei giovani in tutte le attività di espletamento della vita quotidiana come momento a forte valenza educativa, inserimento in attività formative e di lavoro, stesura di progetti educativi individualizzati, gestione delle emergenze, socializzazione e animazione. L’equipe che opera nel servizio mette in atto azioni volte a dare risposta ai bisogni dei minori, alla realizzazione del piano individuale, al rientro nei propri contesti familiari, ovvero alla realizzazione di programmi di affido o di adozione. Accoglie minori di età compresa tra 13 e i 18 anni.
Il Tempio Della Felicità Di Mary;Il Tempio Della Felicità Di Mary;Via Risorgimento, 2 - 80023 Caivano (NA);40.959461, 14.307468; ;0818307277;iltempiodimary@libero.it;Area Immigrazione;Accoglienza residenziale MSNA; Comunità alloggio per ragazzi con situazioni di disagio personale e familiare nata nel 2015 che ospita migranti stranieri e adolescenti tra gli 11 e i 17 anni di età.
Il Villaggio Di Esteban;Il Bosco Di Bistorco;Via Parmenide, 98/100, 84131 Salerno (SA);40.656316, 14.804614;www.ilvillaggiodiesteban.it;;direzione@ilvillaggiodiesteban.it;Area Minori;Accoglienza semi residenziale minori; Il Centro diurno polifunzionale è un servizio articolato in spazi multivalenti, che si colloca nella rete dei servizi sociali territoriali. Offre possibilità di aggregazione finalizzata alla prevenzione di situazioni di disagio attraverso proposte di socializzazione tra minori e di identificazione con figure adulte significative. Offre sostegno e supporto alle famiglie.
Il Villaggio Di Esteban;Porta Di Mare;"Via Marco Galdi, 14 - 84129 Salerno (SA)
Trasferita In Via Acquasanta, 27/29";40.634116, 14.844778;www.ilvillaggiodiesteban.it; ;direzione@ilvillaggiodiesteban.it;Area Immigrazione;Accoglienza residenziale MSNA; La Cooperativa Il Villaggio di Esteban realizza la propria missione attraverso la promozione di interventi sociali, sanitari, educativi, formativi, culturali, animativi per rispondere in maniera efficace ed incisiva ai bisogni dell’infanzia, dei bambini e ragazzi difficili, delle persone con disabilità fisica e psichica e con disagio mentale, degli anziani e delle famiglie multi-problematiche.
Il Villaggio Di Esteban;Tamburo Di Latta;Via Posidonia 163, Salerno (SA);40.667646, 14.789644;www.ilvillaggiodiesteban.it; ;direzione@ilvillaggiodiesteban.it;Area Minori;Accoglienza residenziale minori;"La casa famiglia costituisce una proposta educativa integrativa alla famiglia. Ospita minori per i quali non è al momento praticabile l’affido.
Assicura: -il funzionamento nell’arco delle 24h per tutto l’anno;
accoglienza e cura dei minori; - costante azione educativa, assistenza e tutela, gestione della quotidianità ed organizzazione della vita alla stregua di quanto avviene nel normale clima familiare, con il coinvolgimento dei minori.
la stesura di progetti educativi individualizzati, la gestione delle emergenze, la socializzazione e l’animazione; - azioni volte a dare risposta ai bisogni dei minori, alla realizzazione del progetto educativo individualizzato, al rientro nei propri contesti familiari, ovvero alla realizzazione di programmi di affido o di adozione."
Insieme;La Casa Di Kirikù;Via Umberto D'agostino, 12 Salerno;40.659703, 14.855317; ;3938518615;alloggio@insiemesa.it;Area Minori;Accoglienza residenziale minori;La comunità alloggio si configura come luogo nel quale si esplica un percorso educativo di tipo residenziale temporaneo, che va dal momento della presa in carica del minore al suo reinserimento familiare e sociale. Si rivolge prevalentemente a minori nella fascia di età che va dagli 11 ai 18 anni allontanati dalle famiglie che presentano situazioni di disagio sociale, familiare, personale o si trovano in condizioni di precarietà e fragilità.
Insieme;Centro per la Famiglia;Via S. Leonardo,161 - 84131 Salerno (SA);40.647150, 14.830167;www.insiemesa.it;089 9951873;insieme@pec.it;Area Responsabilità Familiari;"Centro per la famiglia
Servizio di mediazione familiare";
Insieme a Piazza San Giovanni;La Casa Di Giona;Corso Nazionale, 171 - 84018 Scafati (SA);40.750165, 14.521064; ;3929211290;coopsoc.insieme03@libero.it;Area Immigrazione;Accoglienza residenziale MSNA;La comunità alloggio consiste in un servizio residenziale che si propone di fornire una risposta educativo-assistenziale-affettiva ai minori. É aperta tutto l’anno garantendo assistenza e sostegno agli ospiti nell’arco delle 24h. La soluzione abitativa è costituita da un appartamento in cui la distribuzione interna ed esterna è funzionale alle esigenze dei minori.
La Colomba APS;La Casa Di Remì;Via Mensa, 7 - Monticelli - 84062 Olevano Sul Tusciano (SA);40.649143, 15.018966; ;3332200261;ass.lacolomba2013@libero.it;Area Immigrazione;"Accoglienza residenziale MSNA
Accoglienza residenziale minori";Un servizio residenziale per in minori in difficoltà.
La Filanda Srl;S. Rita;Via Roma, 3 - 84087 Sarno (SA);40.813559, 14.616285;Www.lafilandapolosanitario.it;081 96 86 12;info@lafilandapolosanitario.it;Area Integrazione Socio-Sanitaria;Residenza Sanitaria Assistita (RSA) Anziani;La struttura si dedica da anni all’assistenza di adulti non autosufficienti e segue la sua missione con grande senso di responsabilità, per garantire agli ospiti e alle loro famiglie un’atmosfera tranquilla e sicura. Il personale altamente qualificato, cordiale e sempre disponibile, si prende cura di ciascun anziano rispettando attitudini ed esigenze.
La Matrioska Aps;La Matrioska;via Valle - Coperchia di Pellezzano (SA)   ;40.719213, 14.768402;;;;Area Responsabilità Familiari;Servizio di ascolto alla famiglia con minore in difficoltà;
La Meridiana;Sede Legale;Via Dei Longobardi, snc - Benevento (AV);41.137403, 14.779569;www.cooperativasocialelameridiana.it;082451282;info@lameridianaonlus.it;Area Integrazione Socio-Sanitaria;Assistenza Domiciliare Integrata (ADI);La Meridiana progetta ed eroga servizi socio-sanitari, assistenziali ed educativi, servizi di telesoccorso e telecontrollo per oltre 300 comuni e 5000 utenti.
La Piccola Perla;Comunità Alloggio “Madre Agostina”;Via I Maggio, Snc Apice (BN);41.128208, 14.950567;www.lapiccolaperla.org;3939448403;cooperativalapiccolaperla@gmail.com;Area Minori;Accoglienza residenziale minori;La comunità per minori ha una superficie abitabile complessiva di circa 300 mt quadri e si articola in un ampio soggiorno/sala da pranzo, cucina abitabile, ufficio/stanza degli educatori, una dispensa, 4 camere di cui 3 doppie ed una singola per i minori ospiti, 3 bagni, balcone e terrazze.
La Provvidenza;Fatima;Via Sabatella Scigliati, 20 - 84047 Capaccio (SA);40.481300, 15.017846; ;3392294619;cooperativalaprovvidenza@gmail.com;Area Immigrazione;Accoglienza residenziale MSNA; 
La Tavola Rotonda;Prato Verde;Via San Lorenzo, snc - 84084 Fisciano (Salerno);40.783859, 14.782873;www.latavolarotondacoop.it; ;info@tavolarotonda.net;Area Immigrazione;Accoglienza residenziale MSNA; 
La Tavola Rotonda;;Via la Carnale, 8 - 84127 Salerno (SA);40.671445, 14.779165;;;;Area Responsabilità Familiari;"Promozione istituto della tutela (SAAT, promozione e sostegno alle attività tutelari)
Sportello Salerno prossimità";
Leukos;Sede Legale;Via Luigi Guercio, 208 - Salerno (SA);40.675255, 14.778133;www.cooperativasocialeleukos.it;0899434365;coopsocialeleukos@virgilio.it;Area Integrazione Socio-Sanitaria;Assistenza Domiciliare Integrata (ADI); Cooperativa sociale che offre i seguenti servizi: doposcuola, laboratori educativi\ricreativi, educativa domiciliare, assistenza specialistica scolastica, assistenza domiciliare integrati.
Lo Iacono Pio - Ditta individuale;Servizio a domicilio;Via Alfredo De Crescenzo, 5 - Salerno (SA);40.669697, 14.785113;;;;Area Disabilità;Servizio Taxi Disabili;
Medea;Iris;Via Della Pietra, 4 - 81046 Grazzanise (Ce);41.090367, 14.097728;www.medea-coop.it;0823964987;iris@medea-coop.it;Area Immigrazione;Accoglienza residenziale MSNA;" “MEDEA” propone programmi di opportunità di integrazione, di socializzazione, di assistenza, di aggregazione e di lavoro al fine di favorire lo sviluppo delle attività sociali, educative e creative dei giovani presenti sul territorio. La varietà di servizi si articola su quattro aree:Cura-tre comunità alloggio per minori (ISMAEL - IRIS - NEVE’);Educazione-una comunità educativa a dimensione familiare (NO’AH);Lavoro- inserimento occupazionale di minori ospitati presso le nostre strutture, attraverso i servizi di cucina centralizzata - servizi di giardinaggio - servizi di pulizia - servizio di autista/accompagnatore;Territorio e Famiglia-progetti di promozione e sostegno del volontariato; Rete di famiglie - adozioni - affidi e genitorialità."
Mestieri Campania;;;;;;;Area Responsabilità Familiari;Progetto ITIA - Tirocini e formazione;
Monetti Gaetano - Ditta individuale;Servizio a domicilio;Via Eliodoro Lombardi, 1 - Salerno (SA);40.667526, 14.793743;;;;Area Disabilità;Servizio Taxi Disabili;
Nasce Un Sorriso;Sede Legale;Via Del Gallitello, 229 - Potenza (PZ);40.638357, 15.783423;www.nasceunsorriso.it;0971443463;info@nasceunsorriso.it;Area Integrazione Socio-Sanitaria;Assistenza Domiciliare Integrata (ADI); Offre sostegno socioassistenziale per famiglie che necessitano di assistenza domiciliare e ospedaliera ad anziani, malati e disabili.
Nuova Vita;I Have A Dream;Via G. Bruno, 3 - 80033 Cicciano (NA);40.964746, 14.533056;www.nuovavita.eu;0818261430;ihaveadreamcicciano@gmail.com;Area Immigrazione;Accoglienza residenziale MSNA; Comunità alloggio per persone affette da disturbi psicopatologici di etaà compresa tra gli 11 e 21 anni. La Cooperativa sociale Nuova Vita offre servizi di accoglienza residenziale attraverso la realizzazione di Comunità Alloggio per minori di età compresa tra gli 11 e i 18 anni. La Comunità è una struttura per l’accoglienza di minori in difficoltà , temporaneamente allontanati dai genitori o accolti in misura alternativa alla detenzione. L’obiettivo è sostenere gli ospiti nel percorso di crescita personale, consentendogli di vivere una vita serena e di appropriarsi degli strumenti necessari per modificare il proprio percorso di crescita.
Oltre L’Orizzonte;Casa Del Cuore;Via Luonghi, 20 - Giffoni Sei Casali (SA);40.718003, 14.903152; ;335 6516711;oltrelorizzonteonlus@outlook.com;Area Contrasto Alla Povertà;Accoglienza donne maltrattate e Donne con bambini;"L’associazione Oltre L’Orizzonte si occupa di: sostegno per persone in stato di bisogno presso le loro abitazioni e di supporto educativo ai minori e famiglie che vivono un disagio socio - relazionale - educativo; programma di inserimento sociale volte al benessere ed alla tutela dell’infanzia attraverso una programmazione e l’attuazione, ancora in corso, di attività significative in Italia quali recupero scolastico, campi estivi, viaggi culturali; sportello ascolto per le famiglie in difficoltà con la presenza di Assistenti Sociali esperti nel settore, mediazione familiare verso famiglie con figli provenienti da paesi esteri e per mediare le situazioni conflittuali durante la fase della separazione e del divorzio.
"
On The Road;La Casa Di Nelly;Via Monticelli, 21 - San Mango Piemonte (SA);40.695157, 14.850491; ;347 5711789;ontheroad.salerno@gmail.com;Area Contrasto Alla Povertà;Accoglienza donne maltrattate e Donne con bambini; Associazione che comprende un team di collaboratrici, psicologhe e assistenti sociali il cui scopo è quello di accogliere massimo otto minori con un passato burrascoso in una villa nel cuore di San Mango suddivisa su tre piani
On The Road;Rebirth;Via G. Romano, 4 Salerno (SA);40.673322, 14.778172; ;347 5711789;ontheroad.salerno@gmail.com;Area Contrasto Alla Povertà;Accoglienza donne maltrattate e Donne con bambini; 
Onmic;Seconda Stella A Destra;Via Palestro, 11 Salerno (SA);40.674627, 14.790817;www.omnic.it;089724572;info@omnic.it;Area Minori;Accoglienza semi residenziale minori; Centro sociale polifunzionale, semiresidenziale diurno con esperti qualificati e ricchi di esperienza messi a disposizione per le famiglie bisognose.
Onmic;Seconda Stella A Destra 2;Via L. Orofino, 49/55, Salerno (SA);40.672147, 14.784198;www.omnic.it;089724572;info@omnic.it;Area Minori;Accoglienza semi residenziale minori; 
Onmic;Casa Granozio;Via Carlo Granozio, 8 - 84127 Salerno (SA);40.669531, 14.786257;www.omnic.it;089724572;info@omnic.it;Area Immigrazione;Accoglienza residenziale MSNA; Comunità educativa per minori italiani e stranieri non accompagnati tesa a portare avanti una serie di programmi educativi personalizzati per l’inserimento scolastico, sociale e formativo, attraverso incontri di gruppo settimanali.
Onmic;Gli Amici Dell’Onmic;Via Orofino, 53 - Salerno (SA);40.672183, 14.784278;www.omnic.it;089724572;info@omnic.it;Area Disabilità;Centro Diurno Polifunzionale per persone con disabilità; 
Phoenix Cooperativa Sociale Onlus;Phoenix;Via Gentile   81031 Aversa (CE);40.973926, 14.214353; ;342 7845631;phoenixonlus@alice.it;Area Integrazione Socio-Sanitaria;Casa alloggio a bassa attività assistenziale; La cooperativa ha lo scopo di perseguire nel rispetto del principio di parità di trattamento, l’interesse generale della comunità alla promozione umana e all’integrazione sociale dei cittadini attraverso la gestione stabile o temporanea, per conto proprio e di terzi, di servizi sociosanitari ed educativi, nonché attraverso lo svolgimento di attività agricole, industriali, commerciali o di servizi finalizzate all’inserimento lavorativo di persone svantaggiate.
Pianeti Diversi;Angeli Custodi;Via Castellammare, 50 - 80054 Gragnano (NA);40.693262, 14.509884;www.pianetidiversi.it;0818011772;info@pianetidiversi.it;Area Immigrazione;Accoglienza residenziale MSNA; Ha l’obiettivo primario di restituire ai minori la loro identità spesso violata e di individuare in condivisione con loro e con gli altri servizi coinvolti qual’è il percorso che li aiuterà a realizzare il futuro che desiderano, restituendo agli stessi fiducia nel prossimo e speranza nel domani.
Piccoli Passi Grandi Sogni;Peppino Brancati;Via Margherita Di Savoia, 22 - 80058 Torre Annunziata (NA);40.757231, 14.455271;www.piccolipassigrandisogni.it;0818624138;info@piccolipassigrandisogni.it;Area Immigrazione;Accoglienza residenziale MSNA; La struttura può ospitare massimo 8 minori, di età compresa tra 13 e 18 anni di sesso maschile fino ad un massimo di 21 anni d’età qualora si renda necessario il completamento del percorso educativo e di recupero.
Progenia - Società Cooperativa Sociale;Fondazione Juventus;Via Carlo Pisacane, 5 - Sala Consilina (SA);40.395500, 15.595392;www.progeniasc.it;0975 23215;info@progeniasc.it;Area Integrazione Socio-Sanitaria;"Residenza Sanitaria Assistita (RSA) Anziani
Residenza Sanitaria Assistita (RSA) Disabili";" Struttura che funge da: centro di riabilitazione per portatori di patologie complesse cui sono riservati trattamenti di psicoterapia, logopedia, terapia occupazionale, psicomotricità individuale e di gruppo, riabilitazione respiratoria e fisioterapia; centro diurno integrato per disabili, cittadini di ambo i sessi con media o grave limitazione dell’autosufficienza nelle attività quotidiane che però sono nelle condizioni di vivere presso il proprio domicilio e ciononostante di raggiungere la struttura semiresidenziale senza pregiudizio per la loro salute; RSA disabili in favore di soggetti adulti con disabilità fisiche, psichiche e sensoriali stabilizzate, non assistibili a domicilio o in forme alternative alla degenza piena, che necessitano di un medio livello di assistenza sanitaria."
Progetto Famiglia;Oasi Don Enrico Smaldone;Via Adriana, 18 - Angri (SA);40.736433, 14.579680;www.progettofamiglia.org;081 915548;casefamigliapf@progettofamiglia.org;Area Minori;Accoglienza residenziale minori;Comunità per gestanti e madri con figli
Prometeo 82;La Scintilla Di Prometeo;Via Rocco Cocchia, 30 Salerno (SA);40.664034, 14.802413;www.prometeo82.it;089331343;info@prometeo82.it;Area Minori;Accoglienza semi residenziale minori; 
Prometeo 82;Tutti A Casa;Via Posidonia, 161/6 - 84100 Salerno (SA);40.667658, 14.789588;www.prometeo82.it;089331343;info@prometeo82.it;Area Immigrazione;Accoglienza residenziale MSNA; 
Prometeo 82;Ghibli;Via Michele Conforti, 13;40.679597, 14.770692;www.prometeo82.it;089331343;ghibliprometeo@gmail.com;Area Minori;Accoglienza residenziale minori;"La Comunità Alloggio Ghibli è una struttura a carattere comunitario con accoglienza residenziale. Può ospitare fino a 7 minori, di entrambi i sessi, di età compresa tra i 13 e i 18 anni.
La struttura ospita minori appartenenti a nuclei familiari che presentano problematiche psico-sociali, che non sono in grado, cioè, di garantire ai minori risposte adeguate alle esigenze formative, affettive e psicologiche."
Prometeo 82;Sede Legale;Via Tanagro, 12 - Salerno (SA);40.660227, 14.808938;www.prometeo82.it;089331343;info@prometeo82.it;Area Integrazione Socio-Sanitaria;Assistenza Domiciliare Integrata (ADI); La Cooperativa Prometeo 82 opera sul territorio salernitano e non solo da oltre 30 anni con attività rivolte al benessere psico-fisico di minori e famiglie.
Prometeo 82;Palazzo Belvedere;Strada Provinciale Sicignano-Petina, 35 - 84029 Sicigniano degli Alburni (SA);40.533588, 15.373418;www.prometeo82.it;089331343;info@prometeo82.it;Area Integrazione Socio-Sanitaria;Comunità tutelare; 
Quipus;I Terribili;Via Nazionale, 66 Parolise (Av);40.931092, 14.885785; ;08251913097;iterribili@gmail.com;Area Minori;Accoglienza residenziale minori;La struttura offre accoglienza ai giovani in uscita dalle comunità per i minori.Oltre all’alloggio l’intervento prevede anche servizi di ricerca attiva,accompagnamento al lavoro e disbrigo di pratiche burocratiche.L’obiettivo è aiutare i neomaggiorenni per i quali i servizi sociali di riferimento non prevedono più interventi di assistenza,a diventare autonomi e a “correre con le proprie gambe”.
RSA Valle D’Argento 2;Nuova Valle d’Argento;Via U. Linguiti - 84095 Giffoni Valle Piana (SA);40.744056, 14.926589;www.rsavalledargento2.it;089 803498;rsa.valledargento@gmail.com;Area Integrazione Socio-Sanitaria;Residenza Sanitaria Assistita (RSA) Anziani;Struttura di assistenza residenziale per anziani e disabili.
Rugiada - Società Cooperativa Sociale;Amaranta - Comunità Educativa A Dimensione Familiare;Via Trav.Sa Fondo D'orto, 19/F Castellammare Di Stabia (NA);40.731091, 14.485078;www.cooprugiada.it;0818703456;amaranta@cooprugiada.it;Area Minori;Accoglienza residenziale minori;Amaranta ricrea un ambiente assimilabile il più possibile ad una famiglia, nella quale ricevere protezione,cure e accudimento,e grazie al quale venga garantito lo svolgimento di tutte le attività adeguate all’età di ogni minore.Infatti,la comunità crea un ambiente familiare,per un tempo definito, garantisca al giovane ospite una qualità di vita adeguata all’età, nel rispetto della sua storia,dei suoi bisogni e della sua personalità.
Rugiada - Società Cooperativa Sociale;Fiori Di Campo;Via San Giorgio 7 - Casola di Napoli (NA);40.703229, 14.529042;www.cooprugiada.it;0818794945;fioridicampo@cooprugiada.it;Area Minori;Accoglienza residenziale minori;La comunità rappresenta la modalità d’accoglienza di tipo familiare per minori di età compresa tra i 4 e 13 anni.Essa è una struttura di accoglienza dove la quotidianità è organizzata in un clima di serenità e coinvolgimento.La proposta metodologica della struttura è caratterizzata da un approccio di tipo cognitivo-comportamentale, in contatto attivo con la natura.Il contesto scelto è uno spazio fisico immerso nella natura,tutto ciò al fine di diffondere modelli di vita tradizionalmente basati sulla relazione con la natura e aperto ai limitrofi agglomerati urbani.
Rugiada - Società Cooperativa Sociale;La Casa Di Manu;Via Nazionale Sannitica, 38 Castelvenere (Bn);41.234212, 14.545604;www.cooprugiada.it;0824903015;amministrazione@cooprugiada.it;Area Minori;Accoglienza residenziale minori;La casa famiglia costituisce una proposta educativa integrativa alla famiglia perché ospita minori per i quali non è al momento praticabile l’affido.La casa si cura il funzionamento nell’arco delle 24h e per tutto l’anno.Al suo interno è possibile ospitare 6 minori,di età compresa da 0 e 6 anni,più un posto per emergenza.
S.S.R. Servizi Sanitari Residenziali S.R.L.;Villa Caruso;Via S. Potito, 12 - 84086 Casali-San Potito (SA);40.762423, 14.681011; ;;ssr.villacaruso@gmail.com;Area Integrazione Socio-Sanitaria;Residenza Sanitaria Assistita (RSA) Anziani; 
Salerno Solidale Spa;Immacolata Concezione;Largo Luciani 14 - Salerno (SA);40.681043, 14.754680;www.salernosolidale.it;0892582519;info@salernosolidale.it;Area Persone Anziane;"Casa albergo residenziale
Attività motorie per anziani";La casa albergo dal 1997 è gestita da salerno solidale S.P.A.Fedele agli originari ideali, l’elegante residenza offre agli anziani un ospitalità di elevate qualità,abitativa e sociale.La struttura dispone di oltre 54 posti letto.Un equipe di operatori qualificati garantisce cure e servizi sociali ed assistenziali altamente professionalizzati,volti a stimolare l’autonomia individuale e di gruppo degli ospiti ed a renderne piacevole il soggiorno.
Salerno Solidale Spa;Centro Sociale Polifunzionale Attività Diurne per Anziani;Via Cantarella, snc - Salerno (SA);40.670750, 14.799366;www.salernosolidale.it;089751438;info@salernosolidale.it;Area Persone Anziane;Casa albergo semi residenziale; 
Salerno Solidale Spa;Centro Polifunzionale Francesco Petraglia;Via Guido Vestuti, s.n.c. - 84133 Salerno SA;40.669806, 14.798186;www.salernosolidale.it;089751438;centropetraglia@salernosolidale.it;Area Persone Anziane;"Centro polifunzionale anziani
Attività motorie per anziani"; Il centro polifunzionale è un luogo in cui gli anziani possono trascorrere la giornata con la guida di personale qualificato e vengono coinvolti in diverse attività. L’obiettivo è mantenere e recuperare le autonomie che gli anziani possiedono e offrire un valido sostegno alla famiglia. Il centro offre attività diurne agli anziani autosufficienti che ne fanno richiesta presso i segreteriati sociali del comune di salerno.
Salerno Solidale Spa;Sede Legale;Via Guido Vestuti, s.n.c. - 84133 Salerno SA;40.669806, 14.798186;www.salernosolidale.it;089751438;info@salernosolidale.it;Area Persone Anziane;Assistenza domiciliare anziani (ADA);"Salerno solidale è una società per azioni, a totale capitale pubblico, costituita il 27 gennaio 1997, presieduta dall’avv. Filomena Arcieri dal 3 maggio 2010, la quale ha i seguenti scopi: la prestazione di servizio socio-assistenziali alle persone, in particolare ad anziani, minori e disabili; la prestazione di servizi residenziali, semiresidenziali e domiciliari; l’istituzione e la gestione di centri sociali polivalenti, strutture sportive, ricreative, culturali e di spettacolo; l’organizzazione di convegni, feste, mostre ed eventi."
Santa Rita E Karol;Sede Legale;Via F. Confalonieri, 10 - Eboli (SA);40.533785, 14.920578; ;;;Area Integrazione Socio-Sanitaria;Assistenza Domiciliare Integrata (ADI);" Salerno solidale è una società per azioni, a totale capitale pubblico, costituita il 27 gennaio 1997, presieduta dall’avv. Filomena Arcieri dal 3 maggio 2010, la quale ha i seguenti scopi: la prestazione di servizio socio-assistenziali alle persone, in particolare ad anziani, minori e disabili; la prestazione di servizi residenziali, semiresidenziali e domiciliari; l’istituzione e la gestione di centri sociali polivalenti, strutture sportive, ricreative, culturali e di spettacolo; l’organizzazione di convegni, feste, mostre ed eventi."
Silba Spa;Villa Silvia;Via Filomena Galdieri, 12 - 84086 Roccapiemonte (SA);40.765256, 14.693836;www.salernoriabilitazione.it;081 5144117;info@villasilvia.it;Area Integrazione Socio-Sanitaria;"Residenza Sanitaria Assistita (RSA) Anziani
Residenza Sanitaria Assistita (RSA) Disabili"; il Centro, nasce negli anni ‘30 e si occupa di riabilitazione estensiva per soggetti portatori di disabilità fisiche, psichiche e sensoriali ed all’assistenza di soggetti non autosufficienti di qualsiasi età in regime residenziale.
Silba Spa;Villa Alba;Via P. Atenolfi, 53 - 84013 Cava de’ Tirreni (SA);40.701931, 14.709284;www.salernoriabilitazione.it;089 441647;silbavilla@gmail.com;Area Integrazione Socio-Sanitaria;"Residenza Sanitaria Assistita (RSA) Anziani
Residenza Sanitaria Assistita (RSA) Disabili"; il Centro, nasce negli anni ‘30 e si occupa di riabilitazione estensiva per soggetti portatori di disabilità fisiche, psichiche e sensoriali ed all’assistenza di soggetti non autosufficienti di qualsiasi età in regime residenziale.
Social Ubuntu;La Casa Di Daniela;Via S. Allende, 29 - 80012 Calvizzano (NA);40.909642, 14.164172; ; ; ;Area Immigrazione;Accoglienza residenziale MSNA; 
Società Coop. Di Solid. Sociale “Sorriso” SCS;Sede Legale;Via Tanagro, 12 - Salerno (SA);40.660227, 14.808938;www.cooperativasorriso.it;328711142;coop.sorriso@tin.it;Area Disabilità;Assistenza specialistica all’integrazione scolastica per alunni con disabilità; La cooperativa nasce con lo scopo di perseguire l’interesse generale della comunità alla promozione umana ed all’integrazione sociale dei cittadini attraverso la gestione di servizi assistenziali, socio-sanitari ed educativi. La struttura è riservata a minori e giovani adulti sottoposti a provvedimento del Tribunale per i minorenni ion sede penale, civile o amministrativa, non in grado, a causa di disagio personale, socio-familiare, economico di condurre in modo responsabile ed autonomo il proprio progetto di vita.
Società Coop. Sociale “Progetto 2000”;Sede Legale;Via Leonado Da Vinci, snc - Pontecagnao Faiano (SA);40.638916, 14.902748;www.coopprogetto2000.com;089808704;info@progettogroup.eu;Area Disabilità;Assistenza specialistica all’integrazione scolastica per alunni con disabilità; Nata nel 1991 grazie ad alcuni giovani che ancora oggi vi lavorano, Progetto 2000 è una cooperativa sociale che vanta importanti riconoscimenti per la serietà e la correttezza con cui propone servizi e attività ai propri clienti. Si propone come interlocutore delle pubbliche amministrazioni e di strutture private per la progettazione, realizzazione e gestione di servizi rivolti ai cittadini, ed è diffusamente presente sul territorio nazionale, dove nel tempo ha ottenuto grandi risultati sia dal punto di vista sociale che economico, garantendo occupazione e assistenza a oltre 400 persone.
Società Coop. Sociale “Progetto 2000”;Casa Albergo San Francesco Da Paola;Via Ludovico Ariosto, 2 - 84081 Baronissi SA;40.740451, 14.764081;www.coopprogetto2000.com;089808704;info@progettogroup.eu;Area Persone Anziane;Casa albergo residenziale; Punto di riferimento per Salerno e provincia, è costituita da un’unica struttura disposta su un piano dove tutti gli ambienti sono stati di recente ristrutturati. Offre accoglienza per anziani per ricoveri temporanei che possono rappresentare dei veri e propri “ricoveri di sollievo”£ per garantire un periodo di riposo alle famiglie che scelgono di assistere l’anziano a casa e di non ricorrere al ricovero definitivo. Questi periodi in struttura, seppur limitati, possono essere utili per svolgere attività di riattivazione, assicurare la vigilanza sanitaria e promuovere il recupero dell’anziano, ad esempio dopo un ricovero ospedaliero.
Società Coop. Sociale “Raggio Di Sole”;Sede Legale;Via Tanagro, 12 - Salerno (SA);40.660227, 14.808938;www.coopraggiodisole.it;08118639880;info@coopraggiodisole.it;Area Disabilità;"Assistenza specialistica all’integrazione scolastica per alunni con disabilità
Trasporto collettivo disabili";"La Cooperativa Sociale Raggio di Sole è costantemente impegnata in progetti di vario genere.Le attività che svolgiamo nelle nostre strutture scaturiscono dallo studio delle teorie educative dei pedagogisti più importanti del passato e del presente.La nostra attenzione si rivolge particolarmente all’integrazione e al supporto alle etnie e culture differenti.
Il ruolo dei genitori è importante; sono sempre coinvolti in una serie di iniziative e attività di vari tipi: corsi di formazione specifici, assemblee, incontri, laboratori."
Società Coop. Sociale ARL “Laboratorio Sociale”;Sede Legale;Via Firenze, 33 - Pontecagnano Faiano (SA);40.638960, 14.879630;www.laboratoriosociale.eu;0892141689;info@laboratoriosociale.eu;Area Disabilità;Assistenza specialistica all’integrazione scolastica per alunni con disabilità;" La sua attività è Codice Ateco 2007 (96.09.09) ""Altre attività di servizi per la persona n.c.a.""."
Società Cooperativa A.R.S. Nova - Teatro Nuovo;Teatro Nuovo;Via Valerio Laspro, 8/C - Salerno (SA);40.685417, 14.769190;www.teatronuovosalerno.it;089220886;infop@teatronuovosalerno.it;Area Persone Anziane;Servizio integrazione anziani;
Societa' Coop. Soc. Marianella Garcia Villas Onlus;Casa Giovanna ( Casa Alloggio);Via Corte San Paolo N.14 San Cipriano Picentino (SA);40.729288, 14.776318; ;089 881074;coop.marianella@gmail.com;Area Integrazione Socio-Sanitaria;Casa alloggio a bassa attività assistenziale; La Cooperativa nasce come Cooperativa di solidarietà sociale e si afferma in contrapposizione all’idea assoluta di Stato sociale, che gestisce in proprio servizi socio-assistenziali-sanitari-educativi.
Societa' Coop. Soc. Marianella Garcia Villas Onlus;Centro Prisma (Polifunzionale Diurno);Via Corte San Paolo N.14 San Cipriano Picentino (SA);40.729288, 14.776318; ;089 881074;coop.marianella@gmail.com;Area Disabilità;Centro Diurno Polifunzionale per persone con disabilità; 
Sol.i.so. APS;Sede Legale;Via Madonna Del Monte, 33 - Salerno (SA);40.679250, 14.749215; ;;;Area Disabilità;Servizio di sostegno socio-educativo-ludico-ricreativo; 
Sol.i.so. APS;Istituto Istruzione Superiore “Galilei - Di Palo”;Via Filippo Smaldone, snc - 84129 Salerno (SA);40.679250, 14.749215;;;;Area Disabilità;Sostegno per minori audiolesi;
Sol.i.so. APS;Liceo Sperimentale Statale Alfano I;Via dei Mille, 136 - 84132 Salerno (SA);40.679250, 14.749215;;089 333147;;Area Disabilità;Sostegno per minori audiolesi;
Spaziodonna;Spaziodonna;Via Gaetano Quagliariello, 29 - Salerno (SA);40.674207, 14.787566;www.spaziodonnaonlus.com;0823354126;spaziodonnaonlus@libero.it;;Centro anti-violenza per donne;
Strada Facendo;La Medina;Via Sorrentino, 19 Cava De' Tirreni;40.702323, 14.707299;www.stradafacendo.info;089463800;comunitamedia@stradafacendo.info;Area Minori;Accoglienza residenziale minori; La comunità ha caratteristiche funzionali ed organizzative orientate al modello relazionale familiare. Essa assicura accoglienza e cura dei minori, costante azione educativa, assistenza e tutela, gestione della quotidianità ed organizzazione della vita alla stregua di quanto avviene nel normale clima familiare, coinvolgimento dei minori in tutte le attività di espletamento della vita quotidiana come momento a forte valenza educativa, stesura di progetti educativi individualizzati, gestione delle emergenze, socializzazione e animazione.
Strada Facendo;Scugnizzi In Rada;Via Rotolo Snc, Cava De' Tirreni;40.700243, 14.723350;www.stradafacendo.info;389174945;scugnizziinrada@stradafacendo.info;Area Minori;Accoglienza residenziale minori; L’equipe della comunità è costituita dal Coordinatore-Psicoterapeuta a orientamento strategico-integrato, dallo Psicologo, dal Mediatore Familiare, dagli Educatori e da Operatori Specializzati. Essa assicura una presenza continuativa, prevedendo una compresenza nei momenti principali della giornata in occasione di situazioni particolari e stabilisce nel corso della settimana momenti specifici per le riunioni tra educatori, riunioni con i ragazzi e i Servizi territoriali. Essa mette in atto azioni volte a dare risposta ai bisogni dei minori e assicura accoglienza e cura dei giovani, costante azione educativa, assistenza e tutela, gestione della quotidianità, attività socio educative volte ad un adeguato sviluppo dell’autonomia individuale.
Suore Alcantarine;Centro Orizzonte - Casa Rebecca;Via Coda, 27 - Cava De' Tirreni (SA);40.689945, 14.774494; ;089342141;centroorizzonte@alcantarine.org;Area Minori;Accoglienza residenziale minori; La congregazione è impegnata nell’educazione dei giovani di qualsiasi estrazione sociale , specialmente dei più poveri.
Suore Alcantarine;Centro Orizzonte - Casa Israele;Via Coda, 27 - Cava De' Tirreni (SA);40.689945, 14.774494; ;089342141;centroorizzonte@alcantarine.org;Area Minori;Accoglienza residenziale minori; La congregazione è impegnata nell’educazione dei giovani di qualsiasi estrazione sociale , specialmente dei più poveri.
Una Casa Per La Vita Onlus;Una Casa Per La Vita Ets;Via Gorizia 14, Battipaglia (SA);40.609375, 14.980836;www.unacasaperlavita.it;0828303176;infounacasaperlavita@libero.it;Area Minori;Accoglienza residenziale minori; È una struttura di tipo residenziale che si propone, mediante un modello di vita comunitaria, di accogliere minori in temporanea situazione di disagio socio-familiare e/o ambientale e allontanati dalla famiglia con provvedimento del Tribunale per i Minorenni. La comunità può accogliere fino a 6 minori in età tra i 4 e i 13 anni.
Valle D’Argento 2 Srl;Anni Sereni;Via Dell’Industria, 54 - 84092 Bellizzi (SA);40.630546, 14.958884;www.rsaannisereni.it;0828 354643;rsa.annisereni@gmail.com;Area Integrazione Socio-Sanitaria;Residenza Sanitaria Assistita (RSA) Anziani; Uno degli obiettivi principali è fornire, sempre, un servizio in grado di soddisfare le esigenze esplicite ed implicite degli ospiti dando risposte alle loro necessità, misurandosi continuamente con i loro reali bisogni, in modo da offrire un notevole sollievo anche ai familiari, conferendo loro la certezza che i propri cari sono costantemente seguiti nella nostra struttura.
Villa Carmela Srl;Villa Carmela Srl;Via Vescovo Capaccio 32;40.819916, 14.709918; ;081 969984;villacarmela90@gmail.com;Area Integrazione Socio-Sanitaria;Comunità tutelare;"La struttura eroga servizi di tipo sanitario e socio-assistenziale ad anziani non più completamente autosufficienti che, pertanto, non possono più risiedere presso il proprio domicilio o presso le proprie famiglie.
La nostra struttura garantisce ai suoi ospiti un servizio di animazione il quale riveste un’importanza centrale nella vita della residenza, garantendo l’interazione tra i pazienti e stimolando la loro attività cognitiva."
Villa Delle Rose Srl;Villa Delle Rose;Via Giuseppe De Rosa, 30 - 84013 Cava de’ Tirreni (SA);40.685913, 14.729515;www.casadicuraperanzianivilladellerose.com;089444399;villadellerose.rsa@libero.it;Area Integrazione Socio-Sanitaria;Residenza Sanitaria Assistita (RSA) Anziani;"Opera da 1984 nel settore socio-assistenziale a favore degli anziani, dei cittadini affetti da demenza in condizione di fragilità e dei cittadini affetti da grave disabilità.
La Residenza Villa delle Rose esegue un'attività di progettazione assistenziale dedicata al singolo paziente con terapie educazionali su misura e la prevenzione delle malattie."
Vita Nuova;Vita Nuova;Via Santa Caterina, 18 - 81025 Marcianise (CE);41.037678, 14.303746; ;0823827034;vitanuova.uno@gmail.com;Area Immigrazione;Accoglienza residenziale MSNA; 
Vitolo Michele - Ditta individuale;Servizio a domicilio;Via Aldo Valiante, 1 - Salerno (SA);40.700868, 14.828109;;089 332809;;Area Disabilità;Servizio Taxi Disabili;
